MacAnespie	Marcellina	mmacanespiemu@slate.com	875-943-5228	6223065368909710	458-29-7549	12/3/1996
Sloyan	Jewelle	jsloyanmv@ucla.edu	951-291-2308	6222163497744910	208-57-3167	12/16/1901
Tonnesen	Pen	ptonnesenmw@t-online.de	675-437-1645	6222350350130800	270-24-3931	11/7/1940
Manvelle	Lynnett	lmanvellemx@ask.com	386-406-5665	6227506981673110	280-18-5743	7/11/1979
Fahey	Gillan	gfaheymy@people.com.cn	774-299-0391	6225602084210470	685-84-5110	1/8/1923
Shrubshall	Tedmund	tshrubshallmz@quantcast.com	820-406-3150	6223597892159010	338-16-2623	9/29/1952
Melby	Barrett	bmelbyn0@tinypic.com	464-885-9826	6226226339783350	797-08-0414	5/20/1925
Edwicker	Adrianna	aedwickern1@squidoo.com	663-198-4230	6229033509563490	102-91-9247	8/29/1916
Dungate	Rowan	rdungaten2@sphinn.com	679-732-6102	6222436324304270	463-69-4297	2/5/1946
Gorler	Rancell	rgorlern3@de.vu	875-447-1254	6227058128121310	750-23-4797	12/20/2000
Gregorowicz	Timoteo	tgregorowiczn4@aboutads.info	596-314-8036	6224910292414520	697-17-3177	10/14/2015
Kunisch	Jenny	jkunischn5@toplist.cz	902-218-3494	6222470319292560	889-66-8459	5/16/1950
Werrilow	Elwira	ewerrilown6@marketwatch.com	598-828-1754	6226619746838520	185-08-5693	3/6/2001
Mattiassi	Lorelei	lmattiassin7@comcast.net	110-858-8079	6226910546226570	661-70-0435	10/18/1956
Okenfold	Nydia	nokenfoldn8@utexas.edu	915-876-2029	6224704622938530	303-49-8364	7/3/1967
Habard	Esmeralda	ehabardn9@discuz.net	804-766-6338	6228991440579710	587-59-9103	5/19/1939
Meadowcraft	Sean	smeadowcraftna@intel.com	916-378-6830	6227951266109100	159-59-2477	12/11/1991
Cockshot	Dael	dcockshotnb@yellowbook.com	551-577-0146	6229153000582980	634-09-3147	2/21/1917
Kerswill	Benedict	bkerswillnc@wp.com	938-559-8427	6222787153704020	280-96-6358	8/25/2007
Dreng	Jana	jdrengnd@toplist.cz	439-447-4558	6225741906957580	276-76-9937	3/5/2004
Callf	Valdemar	vcallfne@qq.com	103-139-4510	6223359922051890	124-24-5610	4/17/1972
Cardillo	Corie	ccardillonf@nature.com	278-607-8888	6227048204236680	322-11-3465	6/8/1929
Apps	Nikolaus	nappsng@wix.com	910-983-6178	6225264881867200	105-83-7474	12/29/2001
