﻿MacAnespie,Marcellina,mmacanespiemu@slate.com,875-943-5228,373800745591349,458-29-7549,12/3/1996
Sloyan,Jewelle,jsloyanmv@ucla.edu,951-291-2308,378219051322196,208-57-3167,12/16/1901
Tonnesen,Pen,ptonnesenmw@t-online.de,675-437-1645,346577025703174,270-24-3931,11/7/1940
Manvelle,Lynnett,lmanvellemx@ask.com,386-406-5665,371580305201776,280-18-5743,7/11/1979
Fahey,Gillan,gfaheymy@people.com.cn,774-299-0391,379404675600461,685-84-5110,1/8/1923
Shrubshall,Tedmund,tshrubshallmz@quantcast.com,820-406-3150,377086776532149,338-16-2623,9/29/1952
Melby,Barrett,bmelbyn0@tinypic.com,464-885-9826,346216125959283,797-08-0414,5/20/1925
Edwicker,Adrianna,aedwickern1@squidoo.com,663-198-4230,344985107233147,102-91-9247,8/29/1916
Dungate,Rowan,rdungaten2@sphinn.com,679-732-6102,348926240672979,463-69-4297,2/5/1946
Gorler,Rancell,rgorlern3@de.vu,875-447-1254,373646234972080,750-23-4797,12/20/2000
Gregorowicz,Timoteo,tgregorowiczn4@aboutads.info,596-314-8036,341877321550500,697-17-3177,10/14/2015
Kunisch,Jenny,jkunischn5@toplist.cz,902-218-3494,342600383322751,889-66-8459,5/16/1950
Werrilow,Elwira,ewerrilown6@marketwatch.com,598-828-1754,341489067195027,185-08-5693,3/6/2001
Mattiassi,Lorelei,lmattiassin7@comcast.net,110-858-8079,349062783531833,661-70-0435,10/18/1956
Okenfold,Nydia,nokenfoldn8@utexas.edu,915-876-2029,371315324092900,303-49-8364,7/3/1967
Habard,Esmeralda,ehabardn9@discuz.net,804-766-6338,342058368653429,587-59-9103,5/19/1939
Meadowcraft,Sean,smeadowcraftna@intel.com,916-378-6830,344524743206108,159-59-2477,12/11/1991
Cockshot,Dael,dcockshotnb@yellowbook.com,551-577-0146,371457041119994,634-09-3147,2/21/1917
Kerswill,Benedict,bkerswillnc@wp.com,938-559-8427,376001520273784,280-96-6358,8/25/2007
Dreng,Jana,jdrengnd@toplist.cz,439-447-4558,348431597004934,276-76-9937,3/5/2004
Callf,Valdemar,vcallfne@qq.com,103-139-4510,341401565299284,124-24-5610,4/17/1972
Cardillo,Corie,ccardillonf@nature.com,278-607-8888,376047961006514,322-11-3465,6/8/1929
Apps,Nikolaus,nappsng@wix.com,910-983-6178,349570449024472,105-83-7474,12/29/2001
